,tra_lr_mean,tra_sup_loss_mean,tra_sup_dice_DSC1,tra_sup_dice_DSC2,tra_sup_dice_DSC3,tra_sup_dice_DSC_mean,tra_itrdice_0_DSC1,tra_itrdice_0_DSC2,tra_itrdice_0_DSC3,tra_itrdice_0_DSC_mean,val_loss_mean,val_dice_DSC1,val_dice_DSC2,val_dice_DSC3,val_dice_DSC_mean,val_itrdice_0_DSC1,val_itrdice_0_DSC2,val_itrdice_0_DSC3,val_itrdice_0_DSC_mean
0,1e-07,1.4075255607381276,0.0337386392056942,0.06672170013189316,0.039492104202508926,0.046650814513365425,0.0337386392056942,0.06672170013189316,0.039492104202508926,0.046650814513365425,1.4087218893898856,0.027551336213946342,0.06082921102643013,0.04357100650668144,0.0439838512490193,0.024975033476948738,0.06102154031395912,0.04018242284655571,0.04205966554582119
1,4.09e-06,1.3711165230215334,0.04943018779158592,0.07821370661258698,0.09757041186094284,0.07507143542170525,0.04943018779158592,0.07821370661258698,0.09757041186094284,0.07507143542170525,1.341340528594123,0.0972212553024292,0.08310182392597198,0.13564541935920715,0.10532283286253612,0.08764725923538208,0.08295170962810516,0.12264259159564972,0.09774718681971233
2,8.079999999999999e-06,1.3068652863119863,0.05419788882136345,0.10139721632003784,0.07808680832386017,0.07789397115508716,0.05419788882136345,0.10139721632003784,0.07808680832386017,0.07789397115508716,1.2900014294518367,0.07578933238983154,0.09749988466501236,0.05917590484023094,0.07748837396502495,0.0665242001414299,0.09740542620420456,0.05205519497394562,0.07199494043986003
3,1.207e-05,1.2726098343178087,0.03497268259525299,0.11187904328107834,0.04673650860786438,0.0645294114947319,0.03497268259525299,0.11187904328107834,0.04673650860786438,0.0645294114947319,1.26258827580346,0.0351751334965229,0.10548055917024612,0.04890483245253563,0.06318684170643489,0.02767898514866829,0.105686716735363,0.04348258301615715,0.05894942830006281
4,1.606e-05,1.2503618594305017,0.018308863043785095,0.12622115015983582,0.07056841999292374,0.07169947773218155,0.018308863043785095,0.12622115015983582,0.07056841999292374,0.07169947773218155,1.241198976834615,0.012175429612398148,0.12429974228143692,0.08715566992759705,0.07454361394047737,0.010175135917961597,0.1254914551973343,0.07950212061405182,0.07172290390978257
5,2.005e-05,1.2291430014151126,0.012283412739634514,0.1498670130968094,0.14047560095787048,0.10087534226477146,0.012283412739634514,0.1498670130968094,0.14047560095787048,0.10087534226477146,1.2185967259936865,0.020731518045067787,0.16121236979961395,0.2214314043521881,0.13445843073228994,0.016069158911705017,0.16108179092407227,0.20628592371940613,0.12781229118506113
6,2.404e-05,1.2048047059847986,0.02532900497317314,0.211229607462883,0.16989275813102722,0.1354837901890278,0.02532900497317314,0.211229607462883,0.16989275813102722,0.1354837901890278,1.1916787544886274,0.0030904796440154314,0.3377508819103241,0.117681123316288,0.15284082829020917,0.011559936217963696,0.3228939175605774,0.11021164059638977,0.14822183145831028
7,2.803e-05,1.1772052969461602,0.0888875350356102,0.3506661355495453,0.05775056406855583,0.16576807821790376,0.0888875350356102,0.3506661355495453,0.05775056406855583,0.16576807821790376,1.1621044715245563,0.0014764938969165087,0.44995465874671936,0.36845117807388306,0.273294110239173,0.07319587469100952,0.4267149269580841,0.33551567792892456,0.27847549319267273
8,3.2019999999999995e-05,1.1448497499948662,0.09741080552339554,0.43246424198150635,0.4168495833873749,0.31557487696409225,0.09741080552339554,0.43246424198150635,0.4168495833873749,0.31557487696409225,1.1243570221794972,0.002551197772845626,0.5914730429649353,0.6294105648994446,0.40781160187907517,0.06866751611232758,0.5521675944328308,0.6008508801460266,0.40722866356372833
9,3.601e-05,1.100433613415117,0.1330527514219284,0.5591106414794922,0.6107063889503479,0.43428992728392285,0.1330527514219284,0.5591106414794922,0.6107063889503479,0.43428992728392285,1.0805801868438722,0.0009427284239791334,0.6586410403251648,0.6020016670227051,0.4205284785906163,0.12616507709026337,0.6195681691169739,0.5839316248893738,0.44322162369887036
10,3.9999999999999996e-05,1.0602575558939105,0.17499297857284546,0.6157708168029785,0.6698881387710571,0.4868839780489604,0.17499297857284546,0.6157708168029785,0.6698881387710571,0.4868839780489604,1.041975418726603,0.4418088495731354,0.6898353695869446,0.7936588525772095,0.6417676905790964,0.30931052565574646,0.6485761404037476,0.7431645393371582,0.5670170684655508
11,3.9999999999999996e-05,1.023081202749853,0.41212502121925354,0.6537842750549316,0.7646254897117615,0.6101782619953156,0.41212502121925354,0.6537842750549316,0.7646254897117615,0.6101782619953156,1.0074695852067737,0.6359440684318542,0.7150372862815857,0.7954583764076233,0.7154799103736877,0.4780235290527344,0.6680794954299927,0.7508900165557861,0.6323310136795044
12,3.998784699903096e-05,0.9888027564243037,0.5094106793403625,0.6758435368537903,0.7833870649337769,0.6562137603759766,0.5094106793403625,0.6758435368537903,0.7833870649337769,0.6562137603759766,0.9755081971486411,0.6760352253913879,0.7234547138214111,0.8400276303291321,0.746505856513977,0.5547260046005249,0.6902441382408142,0.7988559007644653,0.6812753478686014
13,3.995140280268349e-05,0.9583408166596917,0.5394254922866821,0.7000359892845154,0.7984696626663208,0.6793103814125061,0.5394254922866821,0.7000359892845154,0.7984696626663208,0.6793103814125061,0.9459784984588625,0.7180792093276978,0.7585996985435486,0.835677981376648,0.7707856297492981,0.5668013095855713,0.7211067080497742,0.7949729561805725,0.6942936579386393
14,3.989071181259705e-05,0.9314410244977034,0.565808117389679,0.7144826650619507,0.8056952357292175,0.6953286727269491,0.565808117389679,0.7144826650619507,0.8056952357292175,0.6953286727269491,0.9213716162575618,0.7184790968894958,0.7665279507637024,0.8419811725616455,0.7756627400716146,0.565150797367096,0.733630359172821,0.8133655786514282,0.7040489117304484
15,3.9805847971394324e-05,0.9073341567943124,0.5880796313285828,0.7278059720993042,0.8144696354866028,0.7101184129714966,0.5880796313285828,0.7278059720993042,0.8144696354866028,0.7101184129714966,0.8998441788885329,0.7364676594734192,0.7818488478660583,0.8287038207054138,0.7823401093482971,0.6167885661125183,0.7449477910995483,0.798861563205719,0.7201993068059286
16,3.9696914672593547e-05,0.8878623981166768,0.5977727174758911,0.7326637506484985,0.819745659828186,0.7167273759841919,0.5977727174758911,0.7326637506484985,0.819745659828186,0.7167273759841919,0.8804084128803678,0.7497676014900208,0.781983494758606,0.8503900170326233,0.7940470377604166,0.6188920140266418,0.7408459782600403,0.8147218227386475,0.7248199383417765
17,3.956404463463942e-05,0.8704787398929948,0.6092240214347839,0.738997220993042,0.8261035680770874,0.7247749368349711,0.6092240214347839,0.738997220993042,0.8261035680770874,0.7247749368349711,0.8638507895999484,0.7724191546440125,0.7935924530029297,0.8582127690315247,0.8080747922261556,0.6216984987258911,0.7569804787635803,0.8132390975952148,0.7306393583615621
18,3.940739973920612e-05,0.8554211393182657,0.6306907534599304,0.7356144189834595,0.815569281578064,0.727291484673818,0.6306907534599304,0.7356144189834595,0.815569281578064,0.727291484673818,0.8491375830438401,0.7725344896316528,0.7931180596351624,0.863554060459137,0.8097355365753174,0.6364768743515015,0.7612246870994568,0.830367386341095,0.7426896492640177
19,3.922717083396946e-05,0.8418870303365923,0.6350933313369751,0.7573919892311096,0.8349698185920715,0.7424850463867188,0.6350933313369751,0.7573919892311096,0.8349698185920715,0.7424850463867188,0.8357422471046448,0.8006896376609802,0.8163495659828186,0.8844752907752991,0.833838164806366,0.6742141842842102,0.7785265445709229,0.8451718688011169,0.7659708658854166
20,3.9023577500088314e-05,0.8307593696647214,0.6452597379684448,0.7531465888023376,0.8310117721557617,0.743139366308848,0.6452597379684448,0.7531465888023376,0.8310117721557617,0.743139366308848,0.8265284339586895,0.7789798378944397,0.8149465918540955,0.8767266273498535,0.8235510190327963,0.6456606984138489,0.7802412509918213,0.8440183997154236,0.7566401163736979
21,3.879686778467887e-05,0.8207419387720245,0.6385390758514404,0.7654190063476562,0.8399807214736938,0.7479796012242635,0.6385390758514404,0.7654190063476562,0.8399807214736938,0.7479796012242635,0.8161694380972121,0.8094176650047302,0.8192638754844666,0.882572591304779,0.8370847105979919,0.6554874181747437,0.7802538275718689,0.8435186147689819,0.7597532868385315
22,3.854731789860741e-05,0.8119437839881875,0.6525924205780029,0.7697643637657166,0.8396274447441101,0.7539947430292765,0.6525924205780029,0.7697643637657166,0.8396274447441101,0.7539947430292765,0.809153848224216,0.7818582057952881,0.8081549406051636,0.878227710723877,0.8227469523747762,0.6581186056137085,0.778467059135437,0.8431373834609985,0.7599076827367147
23,3.8275231879969885e-05,0.8047587350930697,0.6655305624008179,0.7676464915275574,0.843087911605835,0.7587549885114034,0.6655305624008179,0.7676464915275574,0.843087911605835,0.7587549885114034,0.8022042592366536,0.7827312350273132,0.8266434073448181,0.8805090188980103,0.8299612204233805,0.6410139799118042,0.7898820638656616,0.8503942489624023,0.760430097579956
24,3.798094122366838e-05,0.7977812131981792,0.661162257194519,0.7740074992179871,0.8484531044960022,0.7612076203028361,0.661162257194519,0.7740074992179871,0.8484531044960022,0.7612076203028361,0.7969521972868178,0.8068956732749939,0.8121936321258545,0.8855400681495667,0.8348764578501383,0.6685190796852112,0.7800620198249817,0.8439835906028748,0.7641882300376892
25,3.766480447753559e-05,0.7925297726451616,0.6664601564407349,0.7718626260757446,0.8453251123428345,0.7612159649531046,0.6664601564407349,0.7718626260757446,0.8453251123428345,0.7612159649531046,0.79135811858707,0.8115569353103638,0.8147590756416321,0.8892059922218323,0.838507334391276,0.6539346575737,0.7842497229576111,0.8425980806350708,0.760260820388794
26,3.7327206805499554e-05,0.7876319129157954,0.6809883713722229,0.781932532787323,0.8555048108100891,0.772808571656545,0.6809883713722229,0.781932532787323,0.8555048108100891,0.772808571656545,0.7871045761638217,0.8175821900367737,0.8245168328285217,0.884975016117096,0.8423580129941305,0.6795782446861267,0.7873291373252869,0.8448601961135864,0.7705891927083334
27,3.6968559518320695e-05,0.7839734140369626,0.669775664806366,0.77681964635849,0.8465700745582581,0.7643884619077047,0.669775664806366,0.77681964635849,0.8465700745582581,0.7643884619077047,0.7836810787518819,0.8247538805007935,0.8257099390029907,0.8768270015716553,0.8424302736918131,0.7092887759208679,0.7872605919837952,0.8358818292617798,0.7774770657221476
28,3.658929957247308e-05,0.7803272008895872,0.6793807148933411,0.7892652750015259,0.8636122345924377,0.7774194081624349,0.6793807148933411,0.7892652750015259,0.8636122345924377,0.7774194081624349,0.779575557178921,0.8294641375541687,0.8349170088768005,0.8945143222808838,0.8529651562372843,0.6904515027999878,0.8015490174293518,0.8531115651130676,0.7817040284474691
29,3.6189889037780204e-05,0.7774637505228135,0.6914362907409668,0.7866737246513367,0.8536940217018127,0.7772680123647054,0.6914362907409668,0.7866737246513367,0.8536940217018127,0.7772680123647054,0.7795948412683275,0.8168138861656189,0.81584632396698,0.878807544708252,0.8371559182802836,0.6888926029205322,0.7748723030090332,0.8264588117599487,0.7634079058965048
30,3.577081453445411e-05,0.7754320750633877,0.6942653059959412,0.7919774055480957,0.8633396625518799,0.7831941246986389,0.6942653059959412,0.7919774055480957,0.8633396625518799,0.7831941246986389,0.7744898835817974,0.8378441333770752,0.8411316275596619,0.8944066166877747,0.8577941258748373,0.701613187789917,0.8102915287017822,0.8512765169143677,0.7877270778020223
31,3.5332586640223615e-05,0.7735595053728714,0.6999619007110596,0.7888590693473816,0.8524207472801208,0.7804139057795206,0.6999619007110596,0.7888590693473816,0.8524207472801208,0.7804139057795206,0.7736518422762552,0.8126447200775146,0.8385506272315979,0.8954729437828064,0.848889430363973,0.664779782295227,0.8097856640815735,0.8569392561912537,0.7771682341893514
32,3.487573926827402e-05,0.7716461751196116,0.6938169598579407,0.793580174446106,0.8625460863113403,0.7833144068717957,0.6938169598579407,0.793580174446106,0.8625460863113403,0.7833144068717957,0.772349164221022,0.8195692300796509,0.8345107436180115,0.8876612186431885,0.8472470641136169,0.6871777772903442,0.8020771741867065,0.8468813300132751,0.7787120938301086
33,3.440082901675609e-05,0.7696625651032832,0.7067341208457947,0.7938369512557983,0.8612273335456848,0.7872661352157593,0.7067341208457947,0.7938369512557983,0.8612273335456848,0.7872661352157593,0.7697746382819282,0.8347256183624268,0.8464442491531372,0.8928859829902649,0.8580186168352762,0.7116411328315735,0.8125994205474854,0.8541933298110962,0.7928112943967184
34,3.3908434490656996e-05,0.768440303795131,0.7125266790390015,0.7958148121833801,0.8612971901893616,0.789879560470581,0.7125266790390015,0.7958148121833801,0.8612971901893616,0.789879560470581,0.7689677913983665,0.8388734459877014,0.8422722816467285,0.8940987586975098,0.8584148287773132,0.7091410756111145,0.7998007535934448,0.8471761345863342,0.7853726545969645
35,3.3399155596859226e-05,0.7671349072529946,0.7150421738624573,0.8070334792137146,0.8707536458969116,0.7976097663243612,0.7150421738624573,0.8070334792137146,0.8707536458969116,0.7976097663243612,0.7679932342635262,0.8238269090652466,0.8435693979263306,0.9072633981704712,0.8582199017206827,0.699492871761322,0.8107885122299194,0.8650979995727539,0.7917931278546652
36,3.2873612813246466e-05,0.7662788458444445,0.7099371552467346,0.8041275143623352,0.8632481694221497,0.7924376130104065,0.7099371552467346,0.8041275143623352,0.8632481694221497,0.7924376130104065,0.7670034249623616,0.8274673819541931,0.8499353528022766,0.9022997617721558,0.8599008321762085,0.718023955821991,0.8183709383010864,0.8620370626449585,0.7994773189226786
37,3.233244643274689e-05,0.7653445912364087,0.7121450901031494,0.7975509762763977,0.8631285429000854,0.7909415364265442,0.7121450901031494,0.7975509762763977,0.8631285429000854,0.7909415364265442,0.7649619579315186,0.8426257371902466,0.8552629947662354,0.9000557065010071,0.8659814794858297,0.7176210284233093,0.819432258605957,0.8672312498092651,0.8014281789461771
38,3.177631578323485e-05,0.7643928270281098,0.7221506237983704,0.8083279728889465,0.8751128315925598,0.8018638094266256,0.7221506237983704,0.8083279728889465,0.8751128315925598,0.8018638094266256,0.7650230593151517,0.8404017686843872,0.8491269946098328,0.9057251214981079,0.8650846282641093,0.7174046635627747,0.8158534169197083,0.8562650084495544,0.7965076963106791
39,3.120589842424141e-05,0.7639118467952001,0.708475649356842,0.8064450025558472,0.8664882779121399,0.7938029766082764,0.708475649356842,0.8064450025558472,0.8664882779121399,0.7938029766082764,0.7634150690502591,0.8537523150444031,0.8520468473434448,0.9086467623710632,0.8714819749196371,0.7344658970832825,0.8119507431983948,0.8674280047416687,0.8046148816744486
40,3.062188932145245e-05,0.7635123295548522,0.7222959399223328,0.808523416519165,0.8719682097434998,0.8009291887283325,0.7222959399223328,0.808523416519165,0.8719682097434998,0.8009291887283325,0.7630126661724514,0.84605872631073,0.8533839583396912,0.9132916927337646,0.8709114591280619,0.729617714881897,0.8170611262321472,0.8705029487609863,0.8057272632916769
41,3.0025000000000008e-05,0.7628142773001284,0.7145221829414368,0.8116678595542908,0.8746609687805176,0.800283670425415,0.7145221829414368,0.8116678595542908,0.8746609687805176,0.800283670425415,0.765360897117191,0.8240435719490051,0.8400703072547913,0.8961161971092224,0.853410025437673,0.7114297747612,0.8115718960762024,0.8553051352500916,0.7927689353624979
42,2.9415957677578528e-05,0.7625472898836491,0.7235150933265686,0.8101114630699158,0.8771626949310303,0.8035964171091715,0.7235150933265686,0.8101114630699158,0.8771626949310303,0.8035964171091715,0.7630239658885531,0.8460065722465515,0.850244402885437,0.902190625667572,0.8661472002665201,0.7405247688293457,0.8170657753944397,0.8657464981079102,0.8077790141105652
43,2.87955043784421e-05,0.7623777558774126,0.7101588845252991,0.8117150068283081,0.8676899075508118,0.796521266301473,0.7101588845252991,0.8117150068283081,0.8676899075508118,0.796521266301473,0.7631193929248385,0.8394021391868591,0.8455926775932312,0.8910664319992065,0.8586870829264323,0.7239230871200562,0.8167634606361389,0.8511372804641724,0.7972746094067892
44,2.816439602936222e-05,0.7623818257340681,0.7196822166442871,0.8104851245880127,0.8712716102600098,0.8004796504974365,0.7196822166442871,0.8104851245880127,0.8712716102600098,0.8004796504974365,0.7624768031968012,0.8371325135231018,0.8490353226661682,0.9046720862388611,0.8636133074760437,0.7143353819847107,0.8153111934661865,0.8670426607131958,0.7988964120546976
45,2.752340153864745e-05,0.7609732658774767,0.7271532416343689,0.8098357319831848,0.8655722737312317,0.8008537491162618,0.7271532416343689,0.8098357319831848,0.8655722737312317,0.8008537491162618,0.7619023667441475,0.8426267504692078,0.8506544828414917,0.9052466154098511,0.8661759495735168,0.7310898303985596,0.8208461403846741,0.8643434047698975,0.8054264585177103
46,2.6873301859347097e-05,0.7602558700758735,0.7341541647911072,0.8179872035980225,0.8808547854423523,0.8109987179438273,0.7341541647911072,0.8179872035980225,0.8808547854423523,0.8109987179438273,0.7611189656787446,0.8368916511535645,0.8586288690567017,0.9204987287521362,0.8720064163208008,0.7244488596916199,0.8262465596199036,0.8751506209373474,0.8086153467496237
47,2.6214889037780206e-05,0.7598214175230196,0.7293726801872253,0.8194318413734436,0.8784942626953125,0.8090995947519938,0.7293726801872253,0.8194318413734436,0.8784942626953125,0.8090995947519938,0.7612450612915885,0.8405836820602417,0.8600051403045654,0.9152688384056091,0.8719525535901388,0.7344095706939697,0.8244923949241638,0.8756331205368042,0.8115116953849792
48,2.5548965248549136e-05,0.7593327556495317,0.7420543432235718,0.8216010928153992,0.8806983828544617,0.8147846062978109,0.7420543432235718,0.8216010928153992,0.8806983828544617,0.8147846062978109,0.760260374016232,0.8564935326576233,0.8611845374107361,0.9165990948677063,0.8780923883120219,0.7634779214859009,0.8291256427764893,0.8718534708023071,0.821485678354899
49,2.4876341817213376e-05,0.7595397333304079,0.7468805313110352,0.8211668133735657,0.8772210478782654,0.8150894641876221,0.7468805313110352,0.8211668133735657,0.8772210478782654,0.8150894641876221,0.7604851524035139,0.8416256904602051,0.8582279086112976,0.9138995409011841,0.8712510466575623,0.7425233721733093,0.8261846303939819,0.8718340396881104,0.8135140140851339
50,2.4197838231814305e-05,0.7595280738156518,0.7423334121704102,0.8216065168380737,0.879047155380249,0.8143290281295776,0.7423334121704102,0.8216065168380737,0.879047155380249,0.8143290281295776,0.7612849301762055,0.841269314289093,0.8548115491867065,0.9107839465141296,0.8689549366633097,0.7196512818336487,0.8244057297706604,0.8680325746536255,0.8040298620859782
51,2.3514281144455266e-05,0.7590641693936452,0.7447791695594788,0.829541802406311,0.8883153200149536,0.8208787639935812,0.7447791695594788,0.829541802406311,0.8883153200149536,0.8208787639935812,0.7607529203097025,0.8407986760139465,0.8565384149551392,0.9138704538345337,0.8704025149345398,0.7681493163108826,0.8110899329185486,0.8550335168838501,0.8114242553710938
52,2.2826503364153312e-05,0.7591059964012219,0.7470385432243347,0.8221011161804199,0.8721622228622437,0.8137672940889994,0.7470385432243347,0.8221011161804199,0.8721622228622437,0.8137672940889994,0.7606396900282965,0.842353880405426,0.854390025138855,0.9101808667182922,0.8689749240875244,0.7255736589431763,0.8237186074256897,0.8693890571594238,0.8062271078427633
53,2.213534284218969e-05,0.7584968253418248,0.7466306686401367,0.8265120983123779,0.8820328116416931,0.8183918595314026,0.7466306686401367,0.8265120983123779,0.8820328116416931,0.8183918595314026,0.7609820816251968,0.8408238887786865,0.8595395088195801,0.9024222493171692,0.8675952156384786,0.711702823638916,0.8253279328346252,0.8611008524894714,0.7993772029876709
54,2.1441641651195305e-05,0.7584054284257661,0.7548686265945435,0.8242214322090149,0.8831952810287476,0.8207617799441019,0.7548686265945435,0.8242214322090149,0.8831952810287476,0.8207617799441019,0.7586411144998338,0.8552765846252441,0.8664777278900146,0.9259762167930603,0.8825768431027731,0.7444168925285339,0.8316417932510376,0.8779652714729309,0.8180079857508341
55,2.07462449592149e-05,0.7579611425782423,0.7506079077720642,0.8269453048706055,0.8859043717384338,0.8211525281270345,0.7506079077720642,0.8269453048706055,0.8859043717384338,0.8211525281270345,0.759596526622772,0.8468201160430908,0.8661234378814697,0.9267252683639526,0.8798896074295044,0.733248233795166,0.8308258056640625,0.8778344988822937,0.8139695127805074
56,2.0050000000000003e-05,0.7582670753752739,0.7461764216423035,0.8313143849372864,0.8812546133995056,0.8195818066596985,0.7461764216423035,0.8313143849372864,0.8812546133995056,0.8195818066596985,0.7590011345015633,0.8444836735725403,0.867400586605072,0.927471935749054,0.879785398642222,0.7216070294380188,0.8363803625106812,0.8795556426048279,0.8125143448511759
57,1.9353755040785115e-05,0.7578235020240148,0.7527384757995605,0.8338958024978638,0.8871355056762695,0.8245899279912313,0.7527384757995605,0.8338958024978638,0.8871355056762695,0.8245899279912313,0.7591135872734917,0.8521416187286377,0.8625931143760681,0.9219549894332886,0.8788965741793314,0.7470574378967285,0.8285000920295715,0.8727658987045288,0.8161078095436096
58,1.8658358348804704e-05,0.7582621677422224,0.7520453333854675,0.8215763568878174,0.8775070309638977,0.8170429070790609,0.7520453333854675,0.8215763568878174,0.8775070309638977,0.8170429070790609,0.7587303969595167,0.8473667502403259,0.8682799339294434,0.9297437071800232,0.8817967971165975,0.7586153745651245,0.8320022225379944,0.8877303004264832,0.8261159658432007
59,1.796465715781032e-05,0.7575408441049081,0.7502453923225403,0.8311126232147217,0.8865130543708801,0.8226236899693807,0.7502453923225403,0.8311126232147217,0.8865130543708801,0.8226236899693807,0.75852935579088,0.8502859473228455,0.8673012852668762,0.9240279793739319,0.8805384039878845,0.7595571875572205,0.8353671431541443,0.8829748630523682,0.8259663979212443
60,1.7273496635846697e-05,0.7576397274747304,0.7553505897521973,0.8296594023704529,0.8860751986503601,0.8236950635910034,0.7553505897521973,0.8296594023704529,0.8860751986503601,0.8236950635910034,0.7594300799899631,0.8417884111404419,0.8651788234710693,0.9220641255378723,0.8763437867164612,0.7380875945091248,0.8314010500907898,0.8799194097518921,0.8164693514506022
61,1.6585718855544743e-05,0.7575993786255523,0.7522143125534058,0.8315477967262268,0.8874109983444214,0.823724369208018,0.7522143125534058,0.8315477967262268,0.8874109983444214,0.823724369208018,0.7580711245536804,0.8571861386299133,0.8693605661392212,0.9240403771400452,0.8835290273030599,0.7621161937713623,0.8399365544319153,0.8785101175308228,0.8268542885780334
62,1.5902161768185708e-05,0.7574242901654887,0.7626237273216248,0.8338407278060913,0.889911413192749,0.8287919561068217,0.7626237273216248,0.8338407278060913,0.889911413192749,0.8287919561068217,0.7582460959752401,0.8554218411445618,0.8679535984992981,0.9270145297050476,0.8834633231163025,0.7465079426765442,0.8396002054214478,0.8816800117492676,0.8225960532824198
63,1.5223658182786632e-05,0.7572301727386166,0.7631766200065613,0.8315199613571167,0.8916901350021362,0.8287955721219381,0.7631766200065613,0.8315199613571167,0.8916901350021362,0.8287955721219381,0.7586227907074821,0.8451189398765564,0.8677874803543091,0.9280412793159485,0.880315899848938,0.7446038722991943,0.8364837169647217,0.8835211992263794,0.8215362628300985
64,1.4551034751450873e-05,0.7571143316633913,0.7686107158660889,0.8346552848815918,0.8920815587043762,0.8317825198173523,0.7686107158660889,0.8346552848815918,0.8920815587043762,0.8317825198173523,0.7585430370436773,0.8470159769058228,0.8693361878395081,0.9300973415374756,0.8821498354276022,0.7524556517601013,0.8383771181106567,0.8822084665298462,0.8243470788002014
65,1.3885110962219805e-05,0.7565434779281972,0.7500980496406555,0.838352620601654,0.8968994617462158,0.8284500439961752,0.7500980496406555,0.838352620601654,0.8968994617462158,0.8284500439961752,0.7588732255829705,0.8438795804977417,0.8675290942192078,0.9190918207168579,0.8768334984779358,0.752049446105957,0.8375986814498901,0.8757809996604919,0.821809709072113
66,1.3226698140652914e-05,0.7568774418330488,0.764806866645813,0.8384268283843994,0.893869936466217,0.8323678771654764,0.764806866645813,0.8384268283843994,0.893869936466217,0.8323678771654764,0.7586513267623053,0.8504639267921448,0.8672357797622681,0.9262922406196594,0.881330649058024,0.7612941861152649,0.8384166955947876,0.8825317025184631,0.8274141947428385
67,1.2576598461352557e-05,0.756380688445067,0.7693094611167908,0.8397690653800964,0.8920875787734985,0.8337220350901285,0.7693094611167908,0.8397690653800964,0.8920875787734985,0.8337220350901285,0.7582073238160878,0.8564181923866272,0.8694485425949097,0.9246395230293274,0.8835020860036215,0.7564348578453064,0.8413345813751221,0.8793584704399109,0.8257093032201132
68,1.1935603970637792e-05,0.7564813159866094,0.768265426158905,0.838381826877594,0.895227313041687,0.8339581886927286,0.768265426158905,0.838381826877594,0.895227313041687,0.8339581886927286,0.7577741159333125,0.852908194065094,0.8727524280548096,0.9243867993354797,0.8833491404851278,0.7536407709121704,0.8455906510353088,0.8872932195663452,0.8288415471712748
69,1.1304495621557906e-05,0.7562490324547262,0.7695612907409668,0.8359982967376709,0.8958587646484375,0.8338061173756918,0.7695612907409668,0.8359982967376709,0.8958587646484375,0.8338061173756918,0.7574053115314907,0.8571832180023193,0.8718176484107971,0.9311161637306213,0.8867056767145792,0.7880631685256958,0.8429574966430664,0.88409823179245,0.8383729656537374
70,1.0684042322421487e-05,0.756174113463473,0.779878556728363,0.8413690328598022,0.8952838778495789,0.838843822479248,0.779878556728363,0.8413690328598022,0.8952838778495789,0.838843822479248,0.7580609891149733,0.8548877835273743,0.8701106309890747,0.9242331981658936,0.8830772042274475,0.7649164199829102,0.8436650037765503,0.8837327361106873,0.8307713866233826
71,1.0075000000000008e-05,0.75632166016249,0.767459511756897,0.8403127193450928,0.8947641849517822,0.8341788053512573,0.767459511756897,0.8403127193450928,0.8947641849517822,0.8341788053512573,0.7571176025602553,0.8619450926780701,0.8721528053283691,0.9256919622421265,0.8865966200828552,0.7734500169754028,0.8429024815559387,0.8817331790924072,0.8326952258745829
72,9.478110678547568e-06,0.7566894991898245,0.765350341796875,0.841028094291687,0.8972401022911072,0.834539512793223,0.765350341796875,0.841028094291687,0.8972401022911072,0.834539512793223,0.7571184966299268,0.8662024736404419,0.8731080889701843,0.9286409616470337,0.8893171747525533,0.7668602466583252,0.8423368334770203,0.8823170065879822,0.8305046955744425
73,8.894101575758607e-06,0.755881375552695,0.7633136510848999,0.8419386744499207,0.8981996774673462,0.8344840010007223,0.7633136510848999,0.8419386744499207,0.8981996774673462,0.8344840010007223,0.7573556370205348,0.8617976307868958,0.8709737658500671,0.9303145408630371,0.8876953125,0.7701234817504883,0.8377189636230469,0.8786853551864624,0.8288426001866659
74,8.323684216765166e-06,0.7564475830690361,0.7778899073600769,0.8436697125434875,0.8998199701309204,0.8404598633448283,0.7778899073600769,0.8436697125434875,0.8998199701309204,0.8404598633448283,0.7571079028977287,0.8643165826797485,0.8734920024871826,0.9306581020355225,0.8894888957341512,0.7791013717651367,0.8423131108283997,0.883613109588623,0.8350091973940531
75,7.767553567253121e-06,0.7559960217755517,0.7810533046722412,0.8409150838851929,0.8970015645027161,0.83965665102005,0.7810533046722412,0.8409150838851929,0.8970015645027161,0.83965665102005,0.7569339447551306,0.8643584847450256,0.8718374967575073,0.9327853918075562,0.8896604577700297,0.7772217988967896,0.8368953466415405,0.8821980953216553,0.8321050802866617
76,7.226387186753542e-06,0.7556503821670277,0.7795295119285583,0.8412916660308838,0.8953715562820435,0.8387309114138285,0.7795295119285583,0.8412916660308838,0.8953715562820435,0.8387309114138285,0.7567648463779025,0.8682806491851807,0.8729209303855896,0.9320202469825745,0.8910739421844482,0.793515145778656,0.8432565331459045,0.8886232972145081,0.8417983253796896
77,6.700844403140781e-06,0.7559253932149321,0.7697064280509949,0.8422837853431702,0.8974929451942444,0.8364943861961365,0.7697064280509949,0.8422837853431702,0.8974929451942444,0.8364943861961365,0.7574120746718513,0.8545549511909485,0.8732703328132629,0.9280915260314941,0.8853056033452352,0.7596771717071533,0.8437623381614685,0.8843908905982971,0.8292768001556396
78,6.191565509343011e-06,0.7557024269560236,0.7725111842155457,0.842988133430481,0.8991838097572327,0.8382277091344198,0.7725111842155457,0.842988133430481,0.8991838097572327,0.8382277091344198,0.7571930487950643,0.8624907732009888,0.8729117512702942,0.9267898201942444,0.8873974482218424,0.7708329558372498,0.8440053462982178,0.8813638687133789,0.8320673902829488
79,5.699170983243911e-06,0.7558073955185619,0.7845838665962219,0.8419713973999023,0.8961137533187866,0.8408896724383036,0.7845838665962219,0.8419713973999023,0.8961137533187866,0.8408896724383036,0.7568540520138212,0.8651074767112732,0.8737185597419739,0.9324892163276672,0.8904384175936381,0.7710238695144653,0.8442652821540833,0.8892810344696045,0.8348567287127177
80,5.224260731725991e-06,0.755666632159257,0.7803674936294556,0.8458259105682373,0.8998714685440063,0.842021624247233,0.7803674936294556,0.8458259105682373,0.8998714685440063,0.842021624247233,0.7569757766193812,0.8656767010688782,0.8744940161705017,0.9287304878234863,0.8896337350209554,0.7681299448013306,0.8437983393669128,0.8831053376197815,0.8316778739293417
81,4.767413359776392e-06,0.7557256221771244,0.7772035598754883,0.8448690176010132,0.8983463644981384,0.84013964732488,0.7772035598754883,0.8448690176010132,0.8983463644981384,0.84013964732488,0.756658465332455,0.8648539781570435,0.8745860457420349,0.9327266812324524,0.8907222350438436,0.775996208190918,0.8437926173210144,0.8882518410682678,0.8360135555267334
82,4.329185465545899e-06,0.7556112956853562,0.7889266610145569,0.8440020680427551,0.8964216113090515,0.8431167801221212,0.7889266610145569,0.8440020680427551,0.8964216113090515,0.8431167801221212,0.7569029013315833,0.8657447099685669,0.8735664486885071,0.9308269023895264,0.8900460203488668,0.7781049013137817,0.8427335619926453,0.8819447755813599,0.8342610796292623
83,3.910110962219802e-06,0.7553109727156017,0.7904984951019287,0.8513655066490173,0.9033989310264587,0.8484209775924683,0.7904984951019287,0.8513655066490173,0.9033989310264587,0.8484209775924683,0.7574243505795797,0.8599614500999451,0.8753750920295715,0.9289781451225281,0.8881048957506815,0.7712714672088623,0.845195472240448,0.8846588730812073,0.8337086041768392
84,3.5107004275269215e-06,0.7554346527214408,0.7921137809753418,0.847432553768158,0.902980625629425,0.847508986790975,0.7921137809753418,0.847432553768158,0.902980625629425,0.847508986790975,0.7567574898401896,0.8677942752838135,0.875114381313324,0.9316090941429138,0.8915059169133505,0.7814383506774902,0.8458910584449768,0.8855915665626526,0.8376403252283732
85,3.131440481679304e-06,0.7553401440382007,0.7828447222709656,0.8482666015625,0.9030438661575317,0.8447183966636658,0.7828447222709656,0.8482666015625,0.9030438661575317,0.8447183966636658,0.7566120174196033,0.8659172654151917,0.8766038417816162,0.9346875548362732,0.8924028873443604,0.7775986194610596,0.8470717668533325,0.887546181678772,0.8374055226643881
86,2.772793194500449e-06,0.754869511649932,0.7870248556137085,0.8473032116889954,0.8982335329055786,0.8441872000694275,0.7870248556137085,0.8473032116889954,0.8982335329055786,0.8441872000694275,0.7566653503312007,0.8666723966598511,0.8754172325134277,0.9328629970550537,0.8916508754094442,0.7719086408615112,0.8457509875297546,0.8860324025154114,0.8345640103022257
87,2.435195522464412e-06,0.7553030646141664,0.7904742360115051,0.8471226692199707,0.8995569348335266,0.8457179466883341,0.7904742360115051,0.8471226692199707,0.8995569348335266,0.8457179466883341,0.7566905246840585,0.8665786385536194,0.8753722310066223,0.9332219958305359,0.8917242884635925,0.7761586904525757,0.8461625576019287,0.8878435492515564,0.8367215991020203
88,2.1190587763316186e-06,0.7553349919157263,0.7778984904289246,0.8482754826545715,0.8998242020606995,0.8419993917147318,0.7778984904289246,0.8482754826545715,0.8998242020606995,0.8419993917147318,0.7566104994879829,0.867040753364563,0.8760820031166077,0.935431718826294,0.8928514917691549,0.7798736691474915,0.8465398550033569,0.8871734142303467,0.8378623127937317
89,1.8247681200301157e-06,0.7550480956280673,0.7923941612243652,0.8462793827056885,0.9017354846000671,0.8468030095100403,0.7923941612243652,0.8462793827056885,0.9017354846000671,0.8468030095100403,0.7566635953055486,0.8667924404144287,0.876168429851532,0.9337180852890015,0.8922263185183207,0.7789565920829773,0.8474737405776978,0.8878118395805359,0.8380807240804037
90,1.552682101392594e-06,0.7550341479572246,0.7833478450775146,0.8487424850463867,0.9024081826210022,0.8448328375816345,0.7833478450775146,0.8487424850463867,0.9024081826210022,0.8448328375816345,0.7565379593107435,0.8671724796295166,0.8762332797050476,0.9336817264556885,0.8923624952634176,0.7824162840843201,0.8469971418380737,0.8871564865112305,0.8388566374778748
91,1.30313221532113e-06,0.7551142602791022,0.7918074727058411,0.8448910117149353,0.9003202319145203,0.8456729054450989,0.7918074727058411,0.8448910117149353,0.9003202319145203,0.8456729054450989,0.7565627959039478,0.8670753836631775,0.8761693835258484,0.9350250363349915,0.8927566011746725,0.7863240242004395,0.8467075228691101,0.8877362608909607,0.8402559359868368
92,1.0764224999116878e-06,0.7549623716392638,0.7856311202049255,0.846369743347168,0.897357702255249,0.8431195219357809,0.7856311202049255,0.846369743347168,0.897357702255249,0.8431195219357809,0.7564852992693583,0.8684713840484619,0.8759148120880127,0.9349246621131897,0.8931036194165548,0.7818620800971985,0.8469058275222778,0.889467179775238,0.8394116957982382
93,8.728291660305431e-07,0.7551813007872787,0.7897595763206482,0.8459333777427673,0.9003651142120361,0.8453526894251505,0.7897595763206482,0.8459333777427673,0.9003651142120361,0.8453526894251505,0.7565172155698138,0.8673929572105408,0.8759523630142212,0.9356375336647034,0.8929942846298218,0.7850538492202759,0.8467829823493958,0.8894891738891602,0.8404420018196106
94,6.926002607938708e-07,0.7549081764839312,0.7871556878089905,0.8474569320678711,0.9020238518714905,0.845545490582784,0.7871556878089905,0.8474569320678711,0.9020238518714905,0.845545490582784,0.7565335565143159,0.8668507933616638,0.8760409951210022,0.9353267550468445,0.8927395145098368,0.7829965949058533,0.8467247486114502,0.8887948393821716,0.8395053942998251
95,5.359553653605769e-07,0.7550109703967601,0.7889909744262695,0.8519986867904663,0.9048734307289124,0.8486210306485494,0.7889909744262695,0.8519986867904663,0.9048734307289124,0.8486210306485494,0.7565486325158015,0.8667082190513611,0.8760992288589478,0.9352084994316101,0.8926719824473063,0.7790972590446472,0.8468489646911621,0.8884335160255432,0.8381265799204508
96,4.030853274064502e-07,0.75492769792492,0.7879310250282288,0.8503676056861877,0.9000349640846252,0.8461111982663473,0.7879310250282288,0.8503676056861877,0.9000349640846252,0.8461111982663473,0.7565512617429095,0.8670116662979126,0.8760426640510559,0.934740424156189,0.8925982515017191,0.7783321142196655,0.8469905257225037,0.888642430305481,0.8379883567492167
97,2.941520286056737e-07,0.7548072027203476,0.7911961078643799,0.850727915763855,0.9040688872337341,0.8486643036206564,0.7911961078643799,0.850727915763855,0.9040688872337341,0.8486643036206564,0.7565413951873781,0.867695152759552,0.8763381242752075,0.9347185492515564,0.892917275428772,0.779219388961792,0.8471201062202454,0.888127326965332,0.8381556073824564
98,2.0928818740294795e-07,0.7551316642834814,0.7845221161842346,0.8538050055503845,0.9033181667327881,0.8472150961558024,0.7845221161842346,0.8538050055503845,0.9033181667327881,0.8472150961558024,0.75655321015252,0.8672200441360474,0.8763279914855957,0.9348559975624084,0.8928013443946838,0.7794798612594604,0.8469952940940857,0.8880213499069214,0.8381655017534891
99,1.485971973165073e-07,0.7550984398450383,0.7921213507652283,0.851994514465332,0.9046759009361267,0.8495972553888956,0.7921213507652283,0.851994514465332,0.9046759009361267,0.8495972553888956,0.7565743380122716,0.8670945763587952,0.8761839270591736,0.9344584941864014,0.8925789992014567,0.7791554927825928,0.8468624353408813,0.8876827955245972,0.8379002412160238
